<?xml version="1.0" encoding="UTF-8" standalone="yes"?>
<addon id="script.annatel-plus" name="Annatel+" version="0.1.0" provider-name="Dan Simah">
  <requires>
    <import addon="xbmc.python" version="3.0.0"/>
  </requires>
  <extension point="xbmc.service" library="addon.py" start="[login|startup]"/>
  <extension point="xbmc.addon.metadata">
    <platform>all</platform>
    <summary>Annatel+</summary>
    <description>Annatel+</description>
    <platform>all</platform>
    <assets>
      <icon>resources/icon.png</icon>
      <fanart>resources/fanart.jpg</fanart>
    </assets>
  </extension>
</addon>
